first_name,last_name,username,password
Carl,Wright,cwright0,DKUxzRSwiPm
Paula,Wallace,pwallace1,ViwXtOGXeM
Clarence,Thomas,cthomas2,i3ZTm3Z
Jason,Ramos,jramos3,fEVcNl
James,Edwards,jedwards4,yiJ8fz
Nancy,Hawkins,nhawkins5,XTKgS6IQR0Z
Virginia,Bishop,vbishop6,Mygbfx
Debra,Richards,drichards7,SBgLeJTk
Phyllis,Burton,pburton8,DfFrZipL2T
Willie,Clark,wclark9,rvplI8
Amanda,Webb,awebba,V6I0HssefK
Ronald,Gibson,rgibsonb,5ecjCNfPJ
William,Long,wlongc,nox3OQa
Sarah,Green,sgreend,GdcqhG
Marilyn,Meyer,mmeyere,JbOS1q7yHLT
Rachel,Barnes,rbarnesf,2kkVUyF
Diana,Long,dlongg,zg81mjS
Annie,Smith,asmithh,7u06Eay8UD
Amanda,Fernandez,afernandezi,7PtoLoy
Stephen,Harris,sharrisj,YJJbHiamGyp3
Charles,Ramos,cramosk,m7JZZB62
Christopher,Davis,cdavisl,f9XVyjA2y
Justin,Montgomery,jmontgomerym,kXW2vzPsfNCx
Brandon,Cunningham,bcunninghamn,P9ETjXu
Alice,Richardson,arichardsono,PhvOE3g
Jessica,Wood,jwoodp,MpIpmraE6t
Paula,Ruiz,pruizq,B893i77R2kUT
Tammy,Holmes,tholmesr,culYjQ
Carl,Medina,cmedinas,6LekV5iE07Dt
Todd,Wagner,twagnert,8tE21P
Kathy,Berry,kberryu,fb1c9LpLL
Joe,Nguyen,jnguyenv,RZ3qvds
Lori,Palmer,lpalmerw,30WjzZwvgL
Harold,Lane,hlanex,uqLVzLp
Denise,Freeman,dfreemany,zjbyVxaDDMxD
Ann,Hunt,ahuntz,eW79BMT
Jessica,Morgan,jmorgan10,pBsS6gJSh
Willie,Flores,wflores11,VrkPzkkq86d3
Joyce,Brooks,jbrooks12,dCNRLdds
Shirley,Flores,sflores13,BZhCd2WNxH
Joan,Ryan,jryan14,ybNd3r
Wayne,King,wking15,iSgrJPzR
Doris,Reid,dreid16,5sXCvcYgx6
Jacqueline,Weaver,jweaver17,DQaXPJGpsiD
Dennis,Hart,dhart18,1QCB7LltVCat
George,Rogers,grogers19,REQejY
Sharon,Gomez,sgomez1a,GtUBXl
Alan,Watkins,awatkins1b,xaweNA
Carlos,Day,cday1c,K1LFFszyEubE
Anthony,Miller,amiller1d,PKSdBIjFQ00
Thomas,Johnson,tjohnson1e,dXvV4CWUp
Samuel,Patterson,spatterson1f,xF0HAs7cTGa
Gerald,Watson,gwatson1g,VwFsoYm3N
Carol,Henderson,chenderson1h,avYntuzqX
Jack,Robertson,jrobertson1i,ydhiAtaXN
Charles,Morgan,cmorgan1j,WUaM6NqI
Paul,Davis,pdavis1k,QzE9gbUq02
Shirley,King,sking1l,vXWE9OEQ4rO
Wanda,Perry,wperry1m,VcXv1Q
Louise,Ortiz,lortiz1n,QTSBXqRzls
Emily,Ford,eford1o,pqcQ9Cjdzy1
Eric,Fox,efox1p,BVMu8vUN
Nancy,Fox,nfox1q,dOEKTlH
Ernest,Ramos,eramos1r,vyQqSd
Frances,Willis,fwillis1s,nSfll2
Lois,Hanson,lhanson1t,cxSLUcDY0Ko
Diane,Harper,dharper1u,6uOnV1av
Raymond,Cox,rcox1v,uXkzIyVUQHiD
Jeremy,Collins,jcollins1w,rUDXek
Donald,Greene,dgreene1x,yMlynB2hE9u1
Chris,Morales,cmorales1y,YscmUklgbQ
Heather,Perez,hperez1z,bwmmEQ
Ashley,Matthews,amatthews20,XN6rWCNr9t
Elizabeth,Griffin,egriffin21,Ho27D0d
Steve,Howell,showell22,6h3VvjTUhl2
Louis,Nguyen,lnguyen23,44rrrHC
Mark,Stone,mstone24,vFkNUVdCkpr
Craig,Chavez,cchavez25,D5Wc7NTkXI
Marie,Bryant,mbryant26,Yoy6y3WExYz
Antonio,Fernandez,afernandez27,v5JaOKvsMQAP
Adam,Chavez,achavez28,w0z7cjXI
Gloria,Fuller,gfuller29,vgOQmv
Sean,Sullivan,ssullivan2a,PzjwsS
Denise,Kennedy,dkennedy2b,L4ewa2K9U
Frances,Fowler,ffowler2c,SgNna8n
Roy,Harvey,rharvey2d,DCzyyPF
Brian,Austin,baustin2e,9RInBkjcij
Robin,Hicks,rhicks2f,Gidc1OeCYb8z
Henry,Peters,hpeters2g,YRhQktE
Eric,Lane,elane2h,1UCnQHpWFEK
Larry,Carter,lcarter2i,QwkX1V7sMpEM
Shirley,Campbell,scampbell2j,5NC0MJwbC
Stephen,Carr,scarr2k,NsGzSHwnNg5V
Steven,Harvey,sharvey2l,WvbYQP9Ade
Randy,Bryant,rbryant2m,v3nyJAb8
Janet,Martinez,jmartinez2n,CZDsE7gFVNrB
Louise,Diaz,ldiaz2o,AfECyw
Lawrence,Day,lday2p,z6STh7
William,Tucker,wtucker2q,PixlGOTq
Norma,Gonzalez,ngonzalez2r,hbShsf
